{
  "n_bootstrap": 1000,
  "ci_level": 0.95,
  "bootstrap_ci": {
    "boosted_commits": {
      "ci_lo": [
        1.2219070462443309,
        1.1732851132778706,
        1.1560878349381,
        1.1753742537374217,
        1.1740936570690166,
        1.1377304506152124,
        1.0841134448425114,
        1.015925788801784,
        1.0078966559722682,
        0.9322620208831365,
        0.8336476062464538,
        0.7928088815984138,
        0.7500751943686894,
        0.747870048983603,
        0.7289244836910538,
        0.7435558781328073,
        0.7471465970351716,
        0.7531967144116496,
        0.7616060604873204,
        0.8038179438616787,
        0.836032237961549,
        0.9053061775357194,
        0.9483181172384163,
        1.0,
        1.100935736554649,
        1.2449038527382217,
        1.3116343651864448,
        1.3714893313654442,
        1.394915521343078,
        1.4291303508425344,
        1.427965664309824,
        1.4263417396666267,
        1.3913800067269315,
        1.3773167518993779,
        1.3320655342068257,
        1.2084449886028081,
        1.1345778153546695,
        0.7521196838292382,
        0.6402779696495831,
        0.6222598950365187,
        0.5291201540526201,
        0.5203788710272861,
        0.4608772072056509,
        0.4630053138246133,
        0.4640456536517268,
        0.44551661594129144,
        0.44882465146249784,
        0.41762006235301713,
        0.3808755341033102
      ],
      "ci_hi": [
        1.3424443224351759,
        1.2853753948052704,
        1.2669890881388228,
        1.2795277070468922,
        1.288417634710568,
        1.2402457398609783,
        1.1825532218241552,
        1.1085555389990458,
        1.0979856969689084,
        1.021751628775622,
        0.9163523937535462,
        0.8603587206469752,
        0.8071203775870301,
        0.8026696958642872,
        0.775837421070851,
        0.7842218996449704,
        0.7806311807426061,
        0.7822291404483079,
        0.7856016833697163,
        0.8250480355197646,
        0.8543990093159302,
        0.9201084347457686,
        0.9567831580804134,
        1.0,
        1.124064263445351,
        1.2870689363774246,
        1.365288711736632,
        1.4325510726749597,
        1.467423453145429,
        1.5120461197457011,
        1.5132108062784115,
        1.517930706153807,
        1.4902544591846827,
        1.4776589762559622,
        1.4371652350239434,
        1.3115550113971919,
        1.2347403664635122,
        0.8478803161707619,
        0.7322710499582601,
        0.7110734382968146,
        0.6137369888045227,
        0.6046211289727139,
        0.5391227927943492,
        0.5369946861753867,
        0.5359543463482732,
        0.5199701716280061,
        0.5239428910724866,
        0.4823799376469829,
        0.43518656335689154
      ]
    },
    "boosted_contributors": {
      "ci_lo": [
        0.9812658932185313,
        0.9826536048319734,
        0.9826536048319734,
        0.9812658932185313,
        0.9825059759369265,
        0.9836448274130035,
        0.9834699057810571,
        0.9846943572046825,
        0.9854290280588577,
        0.9854290280588577,
        0.9866184951560938,
        0.9866759573347043,
        0.9895921628991841,
        0.9895921628991841,
        0.8979254962325174,
        0.9910789967707292,
        0.9924306639266793,
        0.9930614419327893,
        0.9930614419327893,
        0.9938323928291461,
        0.9947960814495921,
        0.9965307209663947,
        1.0,
        1.0,
        0.9992290491036433,
        0.9947960814495921,
        0.9927597654950846,
        0.9895921628991841,
        0.9895921628991841,
        0.9895921628991841,
        0.9861228838655788,
        0.9861228838655788,
        0.9848613278533587,
        0.9843882443487761,
        0.9833474606386945,
        0.9791843257983681,
        0.9791843257983681,
        0.9733132382030361,
        0.9722457677311576,
        0.9722457677311576,
        0.9722457677311576,
        0.9748477270063615,
        0.9748477270063615,
        0.9734600153929194,
        0.972004845576046,
        0.9736975855876119,
        0.9737175830787477,
        0.9757150467647628,
        0.9791843257983681
      ],
      "ci_hi": [
        1.0187341067814686,
        1.0173463951680266,
        1.0173463951680266,
        1.0187341067814686,
        1.0174940240630737,
        1.0163551725869964,
        1.016530094218943,
        1.0153056427953175,
        1.0145709719411422,
        1.0145709719411422,
        1.013381504843906,
        1.0133240426652959,
        1.0104078371008158,
        1.0104078371008158,
        0.9187411704341493,
        1.0089210032292708,
        1.0075693360733207,
        1.0069385580672106,
        1.0069385580672106,
        1.0061676071708539,
        1.005203918550408,
        1.0034692790336053,
        1.0,
        1.0,
        1.0007709508963567,
        1.005203918550408,
        1.0072402345049154,
        1.0104078371008158,
        1.0104078371008158,
        1.0104078371008158,
        1.0138771161344213,
        1.0138771161344213,
        1.0151386721466413,
        1.0156117556512239,
        1.0166525393613055,
        1.0208156742016319,
        1.0208156742016319,
        1.026686761796964,
        1.0277542322688424,
        1.0277542322688424,
        1.0277542322688424,
        1.0251522729936384,
        1.0251522729936384,
        1.0265399846070806,
        1.027995154423954,
        1.026302414412388,
        1.0262824169212523,
        1.0242849532352372,
        1.0208156742016319
      ]
    },
    "native_commits": {
      "ci_lo": [
        null,
        null,
        null,
        null,
        null,
        null,
        null,
        null,
        null,
        null,
        null,
        null,
        null,
        null,
        null,
        null,
        null,
        null,
        null,
        null,
        null,
        null,
        null,
        null,
        1.0,
        1.2830313982579593,
        1.5680932274935986,
        1.8045315053665707,
        1.9444361472368468,
        2.1837060020176153,
        2.390611755179883,
        2.540096707979959,
        2.7240356740793668,
        2.8991310896445355,
        3.013430238814955,
        3.1611848039450043,
        3.3023353156117006,
        3.583024245357835,
        3.3471965147068286,
        3.279219338279933,
        3.2927070754741896,
        3.2300578140750322,
        3.1421049863448562,
        3.05278380715437,
        2.8378555833538326,
        2.769443652234957,
        2.7261670684334436,
        2.5216263837409527,
        2.516845117267846
      ],
      "ci_hi": [
        null,
        null,
        null,
        null,
        null,
        null,
        null,
        null,
        null,
        null,
        null,
        null,
        null,
        null,
        null,
        null,
        null,
        null,
        null,
        null,
        null,
        null,
        null,
        null,
        1.0,
        1.3169686017420408,
        1.6319067725064016,
        1.8939533431182776,
        2.0555638527631532,
        2.3162939979823847,
        2.5427215781534507,
        2.705592947192455,
        2.9079915831608374,
        3.1008689103554645,
        3.232183796272764,
        3.3972567544965537,
        3.554807541531156,
        3.916975754642165,
        3.6982580307477164,
        3.638902275205919,
        3.640626257859144,
        3.5699421859249676,
        3.4732796290397587,
        3.381597600911249,
        3.1621444166461674,
        3.0876992049078997,
        3.051610709344334,
        2.8383736162590476,
        2.8298215493988206
      ]
    },