{
  "n_boosted_with_event_month": 1329,
  "t_range": [
    -24,
    -23,
    -22,
    -21,
    -20,
    -19,
    -18,
    -17,
    -16,
    -15,
    -14,
    -13,
    -12,
    -11,
    -10,
    -9,
    -8,
    -7,
    -6,
    -5,
    -4,
    -3,
    -2,
    -1,
    0,
    1,
    2,
    3,
    4,
    5,
    6,
    7,
    8,
    9,
    10,
    11,
    12,
    13,
    14,
    15,
    16,
    17,
    18,
    19,
    20,
    21,
    22,
    23,
    24
  ],
  "n_boosted_used": 1218,
  "n_native_used": 4124,
  "curves": {
    "boosted_commits": {
      "median": [
        1.2821756843397534,
        1.2293302540415705,
        1.2115384615384615,
        1.227450980392157,
        1.2312556458897923,
        1.1889880952380953,
        1.1333333333333333,
        1.062240663900415,
        1.0529411764705883,
        0.9770068248293793,
        0.875,
        0.8265838011226945,
        0.7785977859778598,
        0.7752698724239451,
        0.7523809523809524,
        0.7638888888888888,
        0.7638888888888888,
        0.7677129274299788,
        0.7736038719285183,
        0.8144329896907216,
        0.8452156236387396,
        0.912707306140744,
        0.9525506376594148,
        1.0,
        1.1125,
        1.2659863945578231,
        1.3384615384615384,
        1.402020202020202,
        1.4311694872442535,
        1.4705882352941178,
        1.4705882352941178,
        1.4721362229102168,
        1.440817232955807,
        1.42748786407767,
        1.3846153846153846,
        1.26,
        1.1846590909090908,
        0.8,
        0.6862745098039216,
        0.6666666666666666,
        0.5714285714285714,
        0.5625,
        0.5,
        0.5,
        0.5,
        0.48274339378464876,
        0.4863837712674922,
        0.45,
        0.4080310487301009
      ],
      "q25": [
        0.5,
        0.43,
        0.3877551020408163,
        0.42073170731707316,
        0.3877551020408163,
        0.358974358974359,
        0.34972677595628415,
        0.375,
        0.3836477987421384,
        0.3888888888888889,
        0.34824281150159747,
        0.37742850905915737,
        0.3815789473684211,
        0.3622641509433962,
        0.373134328358209,
        0.3671875,
        0.417910447761194,
        0.4518370073480294,
        0.4852941176470588,
        0.5245283018867924,
        0.5588235294117647,
        0.6444444444444445,
        0.7966666666666666,
        1.0,
        1.0,
        1.0256410256410255,
        1.0263157894736843,
        1.0332749562171628,
        1.0,
        1.0,
        1.0,
        1.0,
        1.0,
        1.0,
        0.8504672897196262,
        0.73992673992674,
        0.594059405940594,
        0.26229508196721313,
        0.23076923076923078,
        0.2,
        0.17580645161290323,
        0.17647058823529413,
        0.15384615384615385,
        0.15132002575660014,
        0.13636363636363635,
        0.1206896551724138,
        0.12745098039215685,
        0.1111111111111111,
        0.09859154929577464
      ],
      "q75": [
        3.395348837209302,
        3.122448979591837,
        3.051643192488263,
        2.9225352112676055,
        3.1338582677165356,
        2.8214285714285716,
        2.7142857142857144,
        2.6,
        2.5476190476190474,
        2.5384615384615383,
        2.334841628959276,
        2.0,
        1.7518248175182483,
        1.6785714285714286,
        1.5,
        1.344,
        1.2222222222222223,
        1.1492063492063491,
        1.0616776315789473,
        1.0344827586206897,
        1.0,
        1.0,
        1.0,
        1.0,
        1.5555555555555556,
        2.0384615384615383,
        2.315112540192926,
        2.5,
        2.7416666666666667,
        2.9916666666666667,
        3.0476190476190474,
        3.2,
        3.375,
        3.41025641025641,
        3.375,
        3.216666666666667,
        3.0,
        2.5625,
        2.4404761904761907,
        2.3333333333333335,
        2.2083333333333335,
        2.2,
        2.033333333333333,
        1.9285714285714286,
        1.8636363636363635,
        1.9090909090909092,
        1.9318181818181819,
        1.6666666666666667,
        1.4031620553359683
      ]
    },
    "boosted_contributors": {
      "median": [
        1.0,
        1.0,
        1.0,
        1.0,
        1.0,
        1.0,
        1.0,
        1.0,
        1.0,
        1.0,
        1.0,
        1.0,
        1.0,
        1.0,
        0.9083333333333333,
        1.0,
        1.0,
        1.0,
        1.0,
        1.0,
        1.0,
        1.0,
        1.0,
        1.0,
        1.0,
        1.0,
        1.0,
        1.0,
        1.0,
        1.0,
        1.0,
        1.0,
        1.0,
        1.0,
        1.0,
        1.0,
        1.0,
        1.0,
        1.0,
        1.0,
        1.0,
        1.0,
        1.0,
        1.0,
        1.0,
        1.0,
        1.0,
        1.0,
        1.0
      ],
      "q25": [
        0.5,
        0.5,
        0.5,
        0.5,
        0.5,
        0.5,
        0.5,
        0.5,
        0.5,
        0.5,
        0.5,
        0.5,
        0.5,
        0.5,
        0.5,
        0.5714285714285714,
        0.6363636363636364,
        0.6666666666666666,
        0.6666666666666666,
        0.7037037037037037,
        0.75,
        0.8333333333333334,
        1.0,
        1.0,
        1.0,
        1.0,
        1.0,
        1.0,
        1.0,
        1.0,
        1.0,
        1.0,
        1.0,
        1.0,
        1.0,
        1.0,
        1.0,
        0.717948717948718,
        0.6666666666666666,
        0.6666666666666666,
        0.6666666666666666,
        0.6666666666666666,
        0.625,
        0.6,
        0.5925925925925926,
        0.5625,
        0.5555555555555556,
        0.5,
        0.5
      ],
      "q75": [
        1.4,
        1.3333333333333333,
        1.3333333333333333,
        1.4,
        1.3404255319148937,
        1.2857142857142858,
        1.2941176470588236,
        1.2352941176470589,
        1.2,
        1.2,
        1.1428571428571428,
        1.1400966183574879,
        1.0,
        1.0,
        1.0,
        1.0,
        1.0,
        1.0,
        1.0,
        1.0,
        1.0,
        1.0,
        1.0,
        1.0,
        1.037037037037037,
        1.25,
        1.3478260869565217,
        1.5,
        1.5,
        1.5,
        1.6666666666666667,
        1.6666666666666667,
        1.7272727272727273,
        1.75,
        1.8,
        2.0,
        2.0,
        2.0,
        2.0,
        2.0,
        2.0,
        1.875,
        1.8333333333333333,
        1.875,
        1.9375,
        1.826086956521739,
        1.8181818181818181,
        1.6666666666666667,
        1.5
      ]
    },
    "native_commits": {
      "median": [
        null,
        null,
        null,
        null,
        null,
        null,
        null,
        null,
        null,
        null,
        null,
        null,
        null,
        null,
        null,
        null,
        null,
        null,
        null,
        null,
        null,
        null,
        null,
        null,
        1.0,
        1.3,
        1.6,
        1.8492424242424241,
        2.0,
        2.25,
        2.466666666666667,
        2.622844827586207,
        2.816013628620102,
        3.0,
        3.1228070175438596,
        3.279220779220779,
        3.4285714285714284,
        3.75,
        3.5227272727272725,
        3.459060806742926,
        3.466666666666667,
        3.4,
        3.3076923076923075,
        3.2171907040328094,
        3.0,
        2.9285714285714284,
        2.888888888888889,
        2.68,
        2.6733333333333333
      ],